{"stats":{"minecraft:custom":{"minecraft:mob_kills":72,"minecraft:interact_with_anvil":1,"minecraft:play_record":3,"minecraft:open_barrel":45,"minecraft:leave_game":5,"minecraft:time_since_death":378616,"minecraft:time_since_rest":378648,"minecraft:walk_one_cm":685149,"minecraft:open_enderchest":1,"minecraft:sprint_one_cm":54588,"minecraft:damage_taken":12828,"minecraft:damage_absorbed":160,"minecraft:drop":23,"minecraft:damage_dealt":390,"minecraft:fly_one_cm":763072,"minecraft:crouch_one_cm":6558,"minecraft:play_time":438903,"minecraft:deaths":1,"minecraft:sneak_time":5980,"minecraft:interact_with_lectern":58,"minecraft:aviate_one_cm":655173,"minecraft:jump":656,"minecraft:walk_on_water_one_cm":16021,"minecraft:total_world_time":485524,"minecraft:fall_one_cm":78890,"minecraft:inspect_dispenser":3},"minecraft:picked_up":{"minecraft:music_disc_5":2,"minecraft:repeater":5,"minecraft:elytra":5,"minecraft:flint_and_steel":1,"minecraft:wooden_sword":34,"minecraft:oak_sign":1,"minecraft:comparator":4,"minecraft:redstone_torch":16,"minecraft:written_book":5,"minecraft:lectern":1,"minecraft:polished_blackstone_brick_slab":3,"minecraft:music_disc_13":1,"minecraft:oak_fence":3,"minecraft:stone_button":326,"minecraft:redstone":49,"minecraft:tnt":1152,"minecraft:tropical_fish_spawn_egg":9496,"minecraft:tropical_fish":161,"minecraft:lever":4,"minecraft:bone_meal":9,"minecraft:polished_blackstone_brick_wall":3,"minecraft:totem_of_undying":40,"minecraft:white_wool":2},"minecraft:used":{"minecraft:oak_fence":1,"minecraft:water_bucket":7,"minecraft:netherite_sword":21,"minecraft:polished_blackstone_brick_slab":44,"minecraft:writable_book":10,"minecraft:flint_and_steel":4,"minecraft:redstone":520,"minecraft:dispenser":32,"minecraft:powered_rail":11,"minecraft:elytra":3,"minecraft:oak_sign":2,"minecraft:music_disc_5":2,"minecraft:sandstone":41,"minecraft:ender_chest":1,"minecraft:stone":59,"minecraft:green_terracotta":55,"minecraft:polished_blackstone_bricks":64,"minecraft:white_wool":10,"minecraft:orange_stained_glass":9,"minecraft:dark_oak_trapdoor":17,"minecraft:anvil":1,"minecraft:comparator":244,"minecraft:target":74,"minecraft:terracotta":266,"minecraft:tnt":56,"minecraft:blue_ice":79,"minecraft:music_disc_13":1,"minecraft:oak_fence_gate":7,"minecraft:redstone_torch":69,"minecraft:polished_blackstone_slab":10,"minecraft:sticky_piston":3,"minecraft:piston":28,"minecraft:lever":10,"minecraft:black_wool":197,"minecraft:birch_fence_gate":2,"minecraft:red_wool":132,"minecraft:birch_slab":28,"minecraft:oak_button":2,"minecraft:stone_button":102,"minecraft:polished_blackstone_brick_wall":92,"minecraft:lectern":22,"minecraft:red_terracotta":16,"minecraft:totem_of_undying":18,"minecraft:barrel":12,"minecraft:item_frame":1,"minecraft:repeater":187,"minecraft:redstone_lamp":27,"minecraft:lime_concrete":30,"minecraft:written_book":16,"minecraft:bucket":2,"minecraft:observer":17,"minecraft:orange_terracotta":28,"minecraft:jukebox":3},"minecraft:killed":{"minecraft:tropical_fish":72},"minecraft:dropped":{"minecraft:lever":1,"minecraft:oak_fence":2,"minecraft:comparator":1,"minecraft:polished_blackstone_brick_wall":2,"minecraft:tropical_fish":8,"minecraft:totem_of_undying":2,"minecraft:oak_sign":1,"minecraft:elytra":1,"minecraft:flint_and_steel":1,"minecraft:bone_meal":1,"minecraft:polished_blackstone_brick_slab":2,"minecraft:white_wool":1,"minecraft:lectern":1,"minecraft:redstone":6}},"DataVersion":3578}